Strategy,Total Cumulative Net PnL ($),PnL Improvement vs Baseline ($),Win Rate (%),Profit Factor,Annualized Sharpe Ratio,Max Drawdown ($)
Baseline (Raw Trader Execution),10040340.8600762,0.0,42.90542974139603,5.538693067391833,0.9995977466385936,-2639.067297
Strategy 1: Extreme Greed Major Filter,10058046.0901652,17705.230088999495,43.18543786922095,5.683855488277992,1.0013053131993268,-2639.067297
Strategy 2: Dynamic Sentiment Position Sizing,11831385.276334204,1791044.4162580036,42.90542974139603,5.829010814188758,0.9819308135910202,-3166.8807564
Strategy 3: Contrarian Sentiment Filter,10061928.9491642,21588.089088000357,43.04431534526568,5.661178344016879,1.0016789754233095,-2639.067297
